{"cameraMode":{"drawMode":0,"name":"Shaded","section":"Shading Mode"},"sceneLighting":true,"audioPlay":false,"sceneViewState":{"m_AlwaysRefresh":false,"showFog":false,"showSkybox":true,"showFlares":false,"showImageEffects":false,"showParticleSystems":true,"showVisualEffectGraphs":false,"m_FxEnabled":true},"in2DMode":false,"pivot":{"x":161.50164794921876,"y":322.58245849609377,"z":184.4291534423828},"rotation":{"x":0.06469371914863587,"y":-0.04638808220624924,"z":0.0030572768300771715,"w":0.996819794178009},"size":359.6426696777344,"orthographic":false}