{"cameraMode":{"drawMode":0,"name":"Shaded","section":"Shading Mode"},"sceneLighting":true,"audioPlay":false,"sceneViewState":{"m_AlwaysRefresh":false,"showFog":false,"showSkybox":true,"showFlares":false,"showImageEffects":false,"showParticleSystems":true,"showVisualEffectGraphs":false,"m_FxEnabled":true},"in2DMode":false,"pivot":{"x":331.67535400390627,"y":284.1021728515625,"z":144.17701721191407},"rotation":{"x":0.05577925220131874,"y":-0.010487238876521588,"z":0.0006175263551995158,"w":0.9984033107757568},"size":266.7287902832031,"orthographic":false}