{"cameraMode":{"drawMode":0,"name":"Shaded","section":"Shading Mode"},"sceneLighting":true,"audioPlay":false,"sceneViewState":{"m_AlwaysRefresh":false,"showFog":false,"showSkybox":true,"showFlares":false,"showImageEffects":false,"showParticleSystems":true,"showVisualEffectGraphs":false,"m_FxEnabled":true},"in2DMode":false,"pivot":{"x":-0.2287188619375229,"y":0.21751713752746583,"z":0.022530660033226014},"rotation":{"x":-0.20288684964179994,"y":-0.006758730858564377,"z":0.0014014936750754715,"w":-0.9791780114173889},"size":0.2826647162437439,"orthographic":false}