{"cameraMode":{"drawMode":0,"name":"Shaded","section":"Shading Mode"},"sceneLighting":true,"audioPlay":false,"sceneViewState":{"m_AlwaysRefresh":false,"showFog":false,"showSkybox":true,"showFlares":false,"showImageEffects":false,"showParticleSystems":true,"showVisualEffectGraphs":false,"m_FxEnabled":true},"in2DMode":false,"pivot":{"x":193.4375762939453,"y":59.987571716308597,"z":16.933242797851564},"rotation":{"x":0.07817789912223816,"y":0.037373196333646777,"z":-0.002894525183364749,"w":0.9962357878684998},"size":180.74520874023438,"orthographic":false}