{"cameraMode":{"drawMode":0,"name":"Shaded","section":"Shading Mode"},"sceneLighting":true,"audioPlay":false,"sceneViewState":{"m_AlwaysRefresh":false,"showFog":false,"showSkybox":true,"showFlares":false,"showImageEffects":false,"showParticleSystems":true,"showVisualEffectGraphs":false,"m_FxEnabled":true},"in2DMode":false,"pivot":{"x":122.29881286621094,"y":266.23956298828127,"z":145.59100341796876},"rotation":{"x":0.10957520455121994,"y":-0.016401711851358415,"z":0.0018467985792085529,"w":0.9938428401947022},"size":396.0714111328125,"orthographic":false}