{"cameraMode":{"drawMode":0,"name":"Shaded","section":"Shading Mode"},"sceneLighting":true,"audioPlay":false,"sceneViewState":{"m_AlwaysRefresh":false,"showFog":false,"showSkybox":true,"showFlares":false,"showImageEffects":false,"showParticleSystems":true,"showVisualEffectGraphs":false,"m_FxEnabled":true},"in2DMode":false,"pivot":{"x":166.7810516357422,"y":348.6202392578125,"z":175.0484619140625},"rotation":{"x":0.04527736455202103,"y":-0.02847123332321644,"z":0.0013234858633950353,"w":0.9985799789428711},"size":408.4848327636719,"orthographic":false}