{"cameraMode":{"drawMode":0,"name":"Shaded","section":"Shading Mode"},"sceneLighting":true,"audioPlay":false,"sceneViewState":{"m_AlwaysRefresh":false,"showFog":false,"showSkybox":true,"showFlares":false,"showImageEffects":false,"showParticleSystems":true,"showVisualEffectGraphs":false,"m_FxEnabled":true},"in2DMode":false,"pivot":{"x":61.71651840209961,"y":5.564247131347656,"z":91.4951400756836},"rotation":{"x":0.04526781663298607,"y":-0.03446253016591072,"z":0.0015924838371574879,"w":0.9983935952186585},"size":392.59210205078127,"orthographic":false}