{"cameraMode":{"drawMode":0,"name":"Shaded","section":"Shading Mode"},"sceneLighting":true,"audioPlay":false,"sceneViewState":{"m_AlwaysRefresh":false,"showFog":false,"showSkybox":true,"showFlares":false,"showImageEffects":false,"showParticleSystems":true,"showVisualEffectGraphs":false,"m_FxEnabled":true},"in2DMode":false,"pivot":{"x":150.76597595214845,"y":215.18836975097657,"z":-1.2169342041015626},"rotation":{"x":0.043796759098768237,"y":-0.0000048244282879750248,"z":0.000007521263796661515,"w":0.9990335702896118},"size":344.0664978027344,"orthographic":false}