{"cameraMode":{"drawMode":0,"name":"Shaded","section":"Shading Mode"},"sceneLighting":true,"audioPlay":false,"sceneViewState":{"m_AlwaysRefresh":false,"showFog":false,"showSkybox":true,"showFlares":false,"showImageEffects":false,"showParticleSystems":true,"showVisualEffectGraphs":false,"m_FxEnabled":true},"in2DMode":false,"pivot":{"x":199.5841522216797,"y":430.6590576171875,"z":532.588134765625},"rotation":{"x":0.03179742768406868,"y":0.013483818620443344,"z":-0.0005224533379077911,"w":0.9992692470550537},"size":445.77447509765627,"orthographic":false}