{"cameraMode":{"drawMode":0,"name":"Shaded","section":"Shading Mode"},"sceneLighting":true,"audioPlay":false,"sceneViewState":{"m_AlwaysRefresh":false,"showFog":false,"showSkybox":true,"showFlares":false,"showImageEffects":false,"showParticleSystems":true,"showVisualEffectGraphs":false,"m_FxEnabled":true},"in2DMode":false,"pivot":{"x":141.42076110839845,"y":416.1978759765625,"z":538.251708984375},"rotation":{"x":0.06026341766119003,"y":-0.01198607124388218,"z":0.0006309208692982793,"w":0.9979766011238098},"size":403.6258239746094,"orthographic":false}