{"cameraMode":{"drawMode":0,"name":"Shaded","section":"Shading Mode"},"sceneLighting":true,"audioPlay":false,"sceneViewState":{"m_AlwaysRefresh":false,"showFog":false,"showSkybox":true,"showFlares":false,"showImageEffects":false,"showParticleSystems":true,"showVisualEffectGraphs":false,"m_FxEnabled":true},"in2DMode":false,"pivot":{"x":145.59307861328126,"y":293.01251220703127,"z":291.99273681640627},"rotation":{"x":0.013800756074488163,"y":-0.03748965635895729,"z":0.0005035224603489041,"w":0.9991344213485718},"size":424.1965026855469,"orthographic":false}