{"cameraMode":{"drawMode":0,"name":"Shaded","section":"Shading Mode"},"sceneLighting":true,"audioPlay":false,"sceneViewState":{"m_AlwaysRefresh":false,"showFog":false,"showSkybox":true,"showFlares":false,"showImageEffects":false,"showParticleSystems":true,"showVisualEffectGraphs":false,"m_FxEnabled":true},"in2DMode":false,"pivot":{"x":283.0209045410156,"y":197.6370391845703,"z":133.3624725341797},"rotation":{"x":0.10935121029615402,"y":-0.06555777788162232,"z":0.007259800564497709,"w":0.9918281435966492},"size":314.72564697265627,"orthographic":false}