{"cameraMode":{"drawMode":0,"name":"Shaded","section":"Shading Mode"},"sceneLighting":true,"audioPlay":false,"sceneViewState":{"m_AlwaysRefresh":false,"showFog":false,"showSkybox":true,"showFlares":false,"showImageEffects":false,"showParticleSystems":true,"showVisualEffectGraphs":false,"m_FxEnabled":true},"in2DMode":false,"pivot":{"x":229.56646728515626,"y":298.3144836425781,"z":149.45663452148438},"rotation":{"x":0.09018643200397492,"y":-0.00747139286249876,"z":0.000713714980520308,"w":0.9959027171134949},"size":413.3663024902344,"orthographic":false}