{"cameraMode":{"drawMode":0,"name":"Shaded","section":"Shading Mode"},"sceneLighting":true,"audioPlay":false,"sceneViewState":{"m_AlwaysRefresh":false,"showFog":false,"showSkybox":true,"showFlares":false,"showImageEffects":false,"showParticleSystems":true,"showVisualEffectGraphs":false,"m_FxEnabled":true},"in2DMode":false,"pivot":{"x":439.258544921875,"y":279.302978515625,"z":145.8993682861328},"rotation":{"x":0.05577925220131874,"y":-0.010487238876521588,"z":0.0006175263551995158,"w":0.9984033107757568},"size":306.23846435546877,"orthographic":false}