{"cameraMode":{"drawMode":0,"name":"Shaded","section":"Shading Mode"},"sceneLighting":true,"audioPlay":false,"sceneViewState":{"m_AlwaysRefresh":false,"showFog":false,"showSkybox":true,"showFlares":false,"showImageEffects":false,"showParticleSystems":true,"showVisualEffectGraphs":false,"m_FxEnabled":true},"in2DMode":false,"pivot":{"x":16.673137664794923,"y":13.642362594604493,"z":-17.457571029663087},"rotation":{"x":-0.2613787353038788,"y":0.19721029698848725,"z":-0.054645687341690066,"w":-0.9432933926582336},"size":0.29404670000076296,"orthographic":false}